epoch,time,train/box_loss,train/cls_loss,train/dfl_loss,metrics/precision(B),metrics/recall(B),metrics/mAP50(B),metrics/mAP50-95(B),val/box_loss,val/cls_loss,val/dfl_loss,lr/pg0,lr/pg1,lr/pg2
1,29.2502,3.64682,15.7003,0.02318,0,0,0,0,3.53885,4.962,0.04015,0.00323529,0.00323529,0.0708824
2,36.146,3.15367,11.2295,0.01708,0.01428,0.023,0.0079,0.00177,3.15658,4.51679,0.03078,0.0065036,0.0065036,0.0408173
3,43.0896,3.08064,9.30604,0.01687,0,0,0,0,4.60796,4.82009,0.05799,0.0097059,0.0097059,0.0106863
4,50.3994,3.23175,8.12757,0.01804,0.28524,0.02591,0.00633,0.00131,3.50953,5.87155,0.03762,0.009703,0.009703,0.009703
5,57.7484,3.18961,6.55183,0.01747,0.5226,0.01292,0.01014,0.00182,3.744,6.39931,0.0389,0.009604,0.009604,0.009604
6,64.9325,3.02712,5.42709,0.01554,0.52597,0.025,0.01169,0.00322,3.35994,4.13999,0.03981,0.009505,0.009505,0.009505
7,72.1574,2.94855,4.85019,0.01509,0.58121,0.04622,0.01918,0.00408,3.57543,3.98258,0.03162,0.009406,0.009406,0.009406
8,79.5344,2.81083,4.37844,0.01393,0.5345,0.06902,0.03205,0.00875,2.81122,4.258,0.02733,0.009307,0.009307,0.009307
9,86.7135,2.8496,4.18155,0.01348,0.56877,0.08185,0.04728,0.01234,2.91247,3.46894,0.02586,0.009208,0.009208,0.009208
10,93.9781,2.82671,3.9512,0.01324,0.69407,0.07614,0.04083,0.01093,3.12247,3.42679,0.02742,0.009109,0.009109,0.009109
11,101.219,2.7782,3.84275,0.01256,0.58308,0.09029,0.04949,0.01496,2.73793,3.38341,0.02714,0.00901,0.00901,0.00901
12,109.052,2.71069,3.72779,0.01255,0.6142,0.14545,0.08403,0.02623,2.73309,3.15048,0.02392,0.008911,0.008911,0.008911
13,117.621,2.69526,3.67388,0.01234,0.43347,0.12085,0.07428,0.02211,2.62752,3.13187,0.02251,0.008812,0.008812,0.008812
14,125.629,2.62696,3.59002,0.01208,0.44337,0.12247,0.08082,0.0274,2.64841,3.00143,0.02356,0.008713,0.008713,0.008713
15,133.489,2.65653,3.52088,0.01156,0.59627,0.14297,0.10884,0.03737,2.68629,2.98093,0.02554,0.008614,0.008614,0.008614
16,141.026,2.62585,3.47082,0.01156,0.60779,0.1099,0.06891,0.0195,2.85344,3.26004,0.02513,0.008515,0.008515,0.008515
17,149.253,2.62175,3.39388,0.01164,0.43492,0.18002,0.11566,0.04145,2.51467,3.12204,0.02021,0.008416,0.008416,0.008416
18,156.596,2.5756,3.3874,0.01128,0.40796,0.15309,0.12788,0.04615,2.55806,3.1629,0.02463,0.008317,0.008317,0.008317
19,165.476,2.57789,3.41774,0.01183,0.4442,0.1374,0.10082,0.03423,2.53903,2.9478,0.02125,0.008218,0.008218,0.008218
20,173.824,2.58881,3.34522,0.01125,0.35532,0.17194,0.12832,0.04322,2.62826,3.00381,0.02147,0.008119,0.008119,0.008119
21,182.818,2.53147,3.30513,0.01083,0.62279,0.13059,0.10678,0.03317,2.64425,3.17333,0.02119,0.00802,0.00802,0.00802
22,191.714,2.5152,3.26893,0.01082,0.23975,0.19307,0.12775,0.04277,2.52515,3.28857,0.02025,0.007921,0.007921,0.007921
23,200.875,2.48351,3.2431,0.01057,0.5104,0.13654,0.10597,0.03404,2.71832,3.12834,0.0218,0.007822,0.007822,0.007822
24,210.434,2.46796,3.17143,0.01026,0.4804,0.11821,0.1016,0.03288,2.57243,2.9908,0.02139,0.007723,0.007723,0.007723
25,218.21,2.45179,3.17823,0.01005,0.50404,0.17524,0.14279,0.05402,2.35355,2.90039,0.01848,0.007624,0.007624,0.007624
26,226.056,2.44431,3.14851,0.01011,0.39096,0.22109,0.15118,0.05962,2.35282,2.84402,0.01826,0.007525,0.007525,0.007525
27,234.844,2.42873,3.14221,0.01001,0.43428,0.18946,0.14376,0.04972,2.46653,2.90482,0.01781,0.007426,0.007426,0.007426
28,244.41,2.41961,3.08308,0.00978,0.5101,0.16837,0.15474,0.05954,2.34831,2.87235,0.01857,0.007327,0.007327,0.007327
29,252.755,2.4476,3.10189,0.00995,0.44535,0.16814,0.13403,0.04669,2.56373,2.9744,0.021,0.007228,0.007228,0.007228
30,260.237,2.42429,3.05715,0.00956,0.24054,0.21489,0.15046,0.05828,2.4166,2.79143,0.01698,0.007129,0.007129,0.007129
31,267.638,2.43367,3.02254,0.00984,0.33597,0.17546,0.17347,0.05998,2.44269,2.79524,0.02135,0.00703,0.00703,0.00703
32,275.195,2.43096,3.05082,0.00979,0.30253,0.15907,0.11464,0.03484,2.45743,3.17552,0.01994,0.006931,0.006931,0.006931
33,282.852,2.43372,2.98903,0.01015,0.34619,0.24318,0.18263,0.06352,2.50615,2.69539,0.02065,0.006832,0.006832,0.006832
34,292.36,2.43066,2.9907,0.00981,0.31644,0.20256,0.16185,0.06195,2.40099,2.79955,0.01785,0.006733,0.006733,0.006733
35,301.091,2.4393,2.94286,0.00981,0.51449,0.17041,0.14061,0.04505,2.61849,2.86944,0.02059,0.006634,0.006634,0.006634
36,309.822,2.3567,2.94886,0.00965,0.23565,0.21089,0.17907,0.06618,2.42524,2.72321,0.01864,0.006535,0.006535,0.006535
37,317.555,2.40651,2.91347,0.00955,0.3407,0.22199,0.18757,0.06906,2.31701,2.63885,0.01749,0.006436,0.006436,0.006436
38,327.299,2.38258,2.85592,0.00926,0.29579,0.26111,0.19903,0.0794,2.3368,2.71243,0.01787,0.006337,0.006337,0.006337
39,336.018,2.39527,2.84376,0.00905,0.41868,0.19511,0.18319,0.07109,2.44721,2.78589,0.02004,0.006238,0.006238,0.006238
40,344.982,2.3509,2.82962,0.00903,0.42242,0.24434,0.22522,0.08809,2.27719,2.59368,0.01533,0.006139,0.006139,0.006139
41,353.987,2.35703,2.85971,0.00928,0.32067,0.21917,0.20036,0.0811,2.31198,2.78174,0.01731,0.00604,0.00604,0.00604
42,363.645,2.35249,2.87538,0.00921,0.36048,0.24434,0.20402,0.07781,2.30905,2.77711,0.01752,0.005941,0.005941,0.005941
43,372.343,2.41598,2.84227,0.00926,0.25624,0.20701,0.17066,0.07101,2.28708,2.88545,0.01743,0.005842,0.005842,0.005842
44,380.984,2.36045,2.80936,0.00895,0.3569,0.23086,0.20689,0.07993,2.29125,2.74106,0.01686,0.005743,0.005743,0.005743
45,389.426,2.33395,2.79122,0.00876,0.31045,0.23119,0.17908,0.06927,2.39114,2.75035,0.01802,0.005644,0.005644,0.005644
46,397.185,2.3298,2.77181,0.00909,0.38424,0.20626,0.21199,0.09104,2.2867,2.69934,0.01702,0.005545,0.005545,0.005545
47,404.493,2.34087,2.77269,0.00866,0.33638,0.21538,0.19095,0.07731,2.35344,2.66412,0.01723,0.005446,0.005446,0.005446
48,411.778,2.29435,2.74916,0.00872,0.32713,0.27144,0.22477,0.08409,2.28837,2.65866,0.01743,0.005347,0.005347,0.005347
49,419.035,2.28881,2.75619,0.00879,0.38901,0.2174,0.19254,0.07484,2.2974,2.78463,0.01682,0.005248,0.005248,0.005248
50,427.732,2.28909,2.7002,0.00858,0.38764,0.23616,0.22051,0.09058,2.16605,2.72345,0.01594,0.005149,0.005149,0.005149
51,436.735,2.21009,2.68502,0.0085,0.31607,0.2193,0.18205,0.06908,2.36126,2.72868,0.01842,0.00505,0.00505,0.00505
52,445.49,2.25923,2.68262,0.00852,0.41236,0.25467,0.21944,0.08225,2.23341,2.65464,0.0158,0.004951,0.004951,0.004951
53,452.963,2.30826,2.67835,0.0081,0.30184,0.2482,0.20087,0.08022,2.31088,2.78932,0.01751,0.004852,0.004852,0.004852
54,460.901,2.25252,2.59073,0.00803,0.3515,0.25655,0.20835,0.0913,2.24851,2.80337,0.01593,0.004753,0.004753,0.004753
55,468.574,2.26917,2.6351,0.00821,0.4443,0.21293,0.20229,0.0776,2.32302,2.79167,0.01829,0.004654,0.004654,0.004654
56,475.96,2.27505,2.6192,0.00817,0.39552,0.29917,0.26146,0.11164,2.2897,2.47283,0.01695,0.004555,0.004555,0.004555
57,483.44,2.27386,2.61453,0.00822,0.54759,0.22194,0.23583,0.09646,2.28165,2.47171,0.01833,0.004456,0.004456,0.004456
58,491.072,2.25819,2.57842,0.00797,0.36299,0.24548,0.21561,0.09752,2.30098,2.58712,0.01749,0.004357,0.004357,0.004357
59,498.393,2.2048,2.59309,0.00809,0.27854,0.23382,0.20586,0.08785,2.25681,2.72092,0.01767,0.004258,0.004258,0.004258
60,505.78,2.24747,2.53056,0.00782,0.35847,0.27292,0.2469,0.10462,2.18022,2.48093,0.01601,0.004159,0.004159,0.004159
61,513.378,2.25288,2.50193,0.00774,0.36798,0.27693,0.25899,0.11277,2.20891,2.58188,0.01528,0.00406,0.00406,0.00406
62,521.329,2.21115,2.48916,0.00794,0.3832,0.24883,0.21148,0.09496,2.21293,2.67177,0.01596,0.003961,0.003961,0.003961
63,528.912,2.21144,2.4946,0.00788,0.33935,0.30098,0.25222,0.11503,2.09715,2.4705,0.01545,0.003862,0.003862,0.003862
64,536.571,2.18923,2.54004,0.00788,0.29616,0.32799,0.26468,0.11996,2.13173,2.46603,0.01505,0.003763,0.003763,0.003763
65,545.028,2.20979,2.45845,0.00765,0.35706,0.27734,0.2487,0.11364,2.15399,2.51272,0.01624,0.003664,0.003664,0.003664
66,553.991,2.18265,2.43685,0.00773,0.3324,0.25698,0.23281,0.09481,2.2573,2.60709,0.01647,0.003565,0.003565,0.003565
67,562.907,2.21286,2.49746,0.00794,0.43215,0.25881,0.26009,0.11816,2.15143,2.51708,0.01549,0.003466,0.003466,0.003466
68,570.811,2.20141,2.45091,0.00746,0.39917,0.23449,0.22026,0.09214,2.26042,2.725,0.01555,0.003367,0.003367,0.003367
69,579.659,2.19489,2.45464,0.00767,0.3371,0.28956,0.27916,0.1247,2.1402,2.44323,0.01498,0.003268,0.003268,0.003268
70,589.38,2.17523,2.42049,0.00761,0.39028,0.27611,0.25004,0.11206,2.14938,2.5429,0.01513,0.003169,0.003169,0.003169
71,598.093,2.18145,2.3907,0.00724,0.38887,0.2611,0.25461,0.11557,2.20077,2.52241,0.01592,0.00307,0.00307,0.00307
72,606.797,2.17628,2.37576,0.00727,0.32881,0.29117,0.25391,0.11903,2.16436,2.49815,0.01452,0.002971,0.002971,0.002971
73,615.511,2.14798,2.39833,0.00757,0.38602,0.23914,0.27029,0.11825,2.16045,2.5575,0.01478,0.002872,0.002872,0.002872
74,624.955,2.18042,2.39802,0.00741,0.50207,0.24915,0.2692,0.12694,2.14797,2.52209,0.01451,0.002773,0.002773,0.002773
75,633.681,2.16844,2.33999,0.00724,0.32956,0.29192,0.27283,0.11988,2.19458,2.45108,0.01535,0.002674,0.002674,0.002674
76,641.996,2.14398,2.33683,0.00711,0.40672,0.26173,0.26997,0.12549,2.13979,2.47962,0.01476,0.002575,0.002575,0.002575
77,649.622,2.16733,2.32249,0.0074,0.36568,0.25517,0.26304,0.11862,2.1562,2.43618,0.01525,0.002476,0.002476,0.002476
78,658.566,2.12544,2.32841,0.00712,0.34319,0.26796,0.24902,0.11011,2.20525,2.51151,0.01546,0.002377,0.002377,0.002377
79,667.002,2.13618,2.35223,0.00725,0.38008,0.23811,0.24478,0.10483,2.20511,2.61951,0.01601,0.002278,0.002278,0.002278
80,675.966,2.12945,2.2866,0.00715,0.38045,0.27728,0.2692,0.13014,2.08362,2.43308,0.01468,0.002179,0.002179,0.002179
81,684.691,2.15621,2.30128,0.00717,0.31081,0.27904,0.2637,0.12894,2.13705,2.45381,0.01453,0.00208,0.00208,0.00208
82,694.221,2.0807,2.23703,0.00706,0.33988,0.26504,0.26352,0.12059,2.16915,2.57798,0.01385,0.001981,0.001981,0.001981
83,702.868,2.08923,2.22237,0.00684,0.33852,0.3071,0.26926,0.12293,2.09752,2.4874,0.01456,0.001882,0.001882,0.001882
84,710.855,2.08746,2.23271,0.00657,0.33056,0.30653,0.2782,0.12675,2.13433,2.47896,0.01425,0.001783,0.001783,0.001783
85,718.63,2.05886,2.21073,0.00687,0.29996,0.28451,0.278,0.129,2.18587,2.43712,0.01636,0.001684,0.001684,0.001684
86,727.571,2.07378,2.19824,0.00683,0.41988,0.25222,0.26928,0.12017,2.17258,2.61408,0.01473,0.001585,0.001585,0.001585
87,735.622,2.05349,2.14257,0.00677,0.32492,0.28869,0.27524,0.12243,2.19773,2.4807,0.01467,0.001486,0.001486,0.001486
88,744.196,2.08526,2.1765,0.00681,0.33019,0.28491,0.26964,0.1225,2.15017,2.48462,0.01455,0.001387,0.001387,0.001387
89,752.694,2.06626,2.18354,0.00663,0.36281,0.25273,0.27573,0.12768,2.25464,2.48676,0.01583,0.001288,0.001288,0.001288
90,762.289,2.07387,2.18223,0.00691,0.31639,0.30548,0.28824,0.13804,2.16451,2.42032,0.01519,0.001189,0.001189,0.001189
91,773.331,2.15372,2.27486,0.00872,0.2787,0.2957,0.25714,0.12397,2.17702,2.53947,0.01536,0.00109,0.00109,0.00109
92,780.483,2.08579,2.13929,0.00769,0.39464,0.2505,0.2592,0.11995,2.23044,2.4806,0.01524,0.000991,0.000991,0.000991
93,787.467,2.01717,2.06183,0.0074,0.30795,0.28672,0.27414,0.12932,2.24707,2.47603,0.01513,0.000892,0.000892,0.000892
94,794.461,2.07236,2.01572,0.00735,0.31339,0.29626,0.26988,0.12659,2.18598,2.47198,0.01449,0.000793,0.000793,0.000793
95,801.584,2.03004,1.9899,0.00742,0.31459,0.31102,0.27478,0.12471,2.21416,2.45584,0.01589,0.000694,0.000694,0.000694
96,808.568,2.03457,2.02288,0.00744,0.30311,0.29456,0.28719,0.13215,2.18552,2.43466,0.01495,0.000595,0.000595,0.000595
97,815.566,2.00199,1.99852,0.00708,0.33463,0.28458,0.26662,0.1186,2.25501,2.49622,0.01511,0.000496,0.000496,0.000496
98,822.563,2.01223,2.00505,0.007,0.30076,0.31166,0.26863,0.12238,2.23513,2.48054,0.01512,0.000397,0.000397,0.000397
99,829.738,2.0085,1.9989,0.00712,0.28277,0.30807,0.26943,0.12706,2.18882,2.46443,0.01486,0.000298,0.000298,0.000298
100,836.714,1.98694,1.9911,0.0068,0.30627,0.30045,0.27619,0.12728,2.21407,2.45241,0.01475,0.000199,0.000199,0.000199
